{"Final Score": 2.66137896823355, "Perception Accuracy": 0.7179587066614725, "Region mAP": 0.33308565376570554, "Distortion mAP": 0.20891490431116294, "Description mAP": 0.21184335482102443, "Key Distortion Accuracy": 0.42487046632124353, "Image Quality Accuracy": 0.7647058823529411}