{
    "Final Score": 2.4343033234904916,
    "Perception Accuracy": 0.7179587066614725,
    "Region mAP": 0.3251789500098306,
    "Distortion mAP": 0.10760357812334198,
    "Description mAP": 0.14579921152425257,
    "Key Distortion Accuracy": 0.37305699481865284,
    "Image Quality Accuracy": 0.7647058823529411
}